{
  "manhattan": 15.450734444444445,
  "human": {
    "n_points": 7200000,
    "l1_mean_cells": 15.450734444444445,
    "l1_median_cells": 4.0,
    "l2_mean_cells": 11.809567017099555,
    "l2_median_cells": 3.1622776601683795,
    "l2_mean_meters": 5904.783508549777,
    "l2_median_meters": 1581.1388300841897,
    "within_0_cells_L2": 0.26068402777777777,
    "within_1_cells_L2": 0.35204125,
    "within_2_cells_L2": 0.4209048611111111,
    "within_5_cells_L2": 0.5824875,
    "exact_match": 0.26068402777777777,
    "move_rate_pred": 0.18887273991655076,
    "move_rate_gt": 0.1747326842837274,
    "move_rate_abs_err": 0.014140055632823362,
    "unique_cells_pred": 10080,
    "unique_cells_gt": 11512,
    "unique_cells_ratio_pred_over_gt": 0.8756080611535789
  },
  "geobleu": null
}