{
  "manhattan": 15.453618194444445,
  "human": {
    "n_points": 7200000,
    "l1_mean_cells": 15.453618194444445,
    "l1_median_cells": 4.0,
    "l2_mean_cells": 11.812054006628552,
    "l2_median_cells": 3.1622776601683795,
    "l2_mean_meters": 5906.027003314276,
    "l2_median_meters": 1581.1388300841897,
    "within_0_cells_L2": 0.26014305555555556,
    "within_1_cells_L2": 0.3513806944444444,
    "within_2_cells_L2": 0.42105597222222224,
    "within_5_cells_L2": 0.5830618055555555,
    "exact_match": 0.26014305555555556,
    "move_rate_pred": 0.2034344923504868,
    "move_rate_gt": 0.1747326842837274,
    "move_rate_abs_err": 0.0287018080667594,
    "unique_cells_pred": 10176,
    "unique_cells_gt": 11512,
    "unique_cells_ratio_pred_over_gt": 0.8839471855455178
  },
  "geobleu": null
}