{
  "manhattan": 15.448747916666667,
  "human": {
    "n_points": 7200000,
    "l1_mean_cells": 15.448747916666667,
    "l1_median_cells": 4.0,
    "l2_mean_cells": 11.806464891818935,
    "l2_median_cells": 3.1622776601683795,
    "l2_mean_meters": 5903.232445909468,
    "l2_median_meters": 1581.1388300841897,
    "within_0_cells_L2": 0.25952319444444444,
    "within_1_cells_L2": 0.35087722222222223,
    "within_2_cells_L2": 0.42066694444444447,
    "within_5_cells_L2": 0.5825931944444445,
    "exact_match": 0.25952319444444444,
    "move_rate_pred": 0.20253018080667595,
    "move_rate_gt": 0.1747326842837274,
    "move_rate_abs_err": 0.02779749652294855,
    "unique_cells_pred": 10025,
    "unique_cells_gt": 11512,
    "unique_cells_ratio_pred_over_gt": 0.8708304378040306
  },
  "geobleu": null
}