{
  "manhattan": 15.835007777777777,
  "human": {
    "n_points": 7200000,
    "l1_mean_cells": 15.835007777777777,
    "l1_median_cells": 5.0,
    "l2_mean_cells": 12.1103588726689,
    "l2_median_cells": 4.0,
    "l2_mean_meters": 6055.179436334451,
    "l2_median_meters": 2000.0,
    "within_0_cells_L2": 0.22206722222222222,
    "within_1_cells_L2": 0.3085552777777778,
    "within_2_cells_L2": 0.3782566666666667,
    "within_5_cells_L2": 0.5551151388888889,
    "exact_match": 0.22206722222222222,
    "move_rate_pred": 0.08505883171070931,
    "move_rate_gt": 0.1747326842837274,
    "move_rate_abs_err": 0.08967385257301809,
    "unique_cells_pred": 9064,
    "unique_cells_gt": 11512,
    "unique_cells_ratio_pred_over_gt": 0.7873523280055594
  },
  "geobleu": null
}